,CF,phase,skill,Type,MDPO,r2,RMSE,NOF,POF,MDNO,SD
Flow_GP-130620-BPa_avg5,97.9566041710554,-5,0.9731139886086406,Speed,45,0.9199207971145804,0.19715637065597638,0.0,0.02106593638087213,30,0.3983178141785078
Flow_GP-130620-BPb_avg5,98.2833505687694,-5,0.973092685534615,Speed,45,0.915792570613044,0.19497976133148034,0.0,0.0,20,0.3963382838931807
